http://dbpedia.org/ontology/PopulatedPlace,PopulatedPlace,http://dbpedia.org/ontology/areaWater
"http://dbpedia.org/resource/Bridgeview,_Illinois","Bridgeview, Illinois",0.0
http://dbpedia.org/resource/Coto_Laurel,Coto Laurel,132998.69498604935
"http://dbpedia.org/resource/Five_Creeks_Township,_Clay_County,_Kansas","Five Creeks Township, Clay County, Kansas",37703.68299383012
"http://dbpedia.org/resource/Bay_View,_Ohio","Bay View, Ohio",0.0
"http://dbpedia.org/resource/Chesaning,_Michigan","Chesaning, Michigan",261223.07464397384
"http://dbpedia.org/resource/Sibley_Township,_Cloud_County,_Kansas","Sibley Township, Cloud County, Kansas",1405409.7978501217
"http://dbpedia.org/resource/Morrison_Crossroads,_Alabama","Morrison Crossroads, Alabama",201280.98432433978
"http://dbpedia.org/resource/Cameron,_Arizona","Cameron, Arizona",0.0
"http://dbpedia.org/resource/Bloomfield,_Connecticut","Bloomfield, Connecticut",341598.86338804354
"http://dbpedia.org/resource/Courtland_Township,_Michigan","Courtland Township, Michigan",1473382.5462363176
"http://dbpedia.org/resource/Poplar_Bluff_Township,_Butler_County,_Missouri","Poplar Bluff Township, Butler County, Missouri",653805.7453697332
"http://dbpedia.org/resource/Alborn_Township,_St._Louis_County,_Minnesota","Alborn Township, St. Louis County, Minnesota",1961078.6452176522
"http://dbpedia.org/resource/Cannelton,_Indiana","Cannelton, Indiana",297308.8152168973
"http://dbpedia.org/resource/Alamo_Township,_Michigan","Alamo Township, Michigan",451634.8337296167
"http://dbpedia.org/resource/Dassel_Township,_Meeker_County,_Minnesota","Dassel Township, Meeker County, Minnesota",9483121.587506099
"http://dbpedia.org/resource/Carlsbad,_New_Mexico","Carlsbad, New Mexico",751820.5816186849
"http://dbpedia.org/resource/Los_Altos,_California","Los Altos, California",0.0
"http://dbpedia.org/resource/Newville_Township,_DeKalb_County,_Indiana","Newville Township, DeKalb County, Indiana",50389.7648343817
"http://dbpedia.org/resource/Baldwin_Township,_Delta_County,_Michigan","Baldwin Township, Delta County, Michigan",1038884.5854017627
"http://dbpedia.org/resource/Alexander,_Kansas","Alexander, Kansas",0.0
"http://dbpedia.org/resource/Platte_Township,_Buffalo_County,_Nebraska","Platte Township, Buffalo County, Nebraska",5818553.3031060165
"http://dbpedia.org/resource/Clifton,_South_Carolina","Clifton, South Carolina",184012.7234968058
"http://dbpedia.org/resource/Alto,_Georgia","Alto, Georgia",0.0
"http://dbpedia.org/resource/Catalina,_Arizona","Catalina, Arizona",0.0
"http://dbpedia.org/resource/Butler,_Kentucky","Butler, Kentucky",0.0
"http://dbpedia.org/resource/Allakaket,_Alaska","Allakaket, Alaska",1625632.3494882607
"http://dbpedia.org/resource/Bethlehem,_New_York","Bethlehem, New York",1990209.8782466936
"http://dbpedia.org/resource/Butte,_North_Dakota","Butte, North Dakota",0.0
"http://dbpedia.org/resource/Bergman,_Arkansas","Bergman, Arkansas",0.0
"http://dbpedia.org/resource/Albany,_Indiana","Albany, Indiana",26581.823919357852
"http://dbpedia.org/resource/Maytown,_Kentucky","Maytown, Kentucky",0.0
"http://dbpedia.org/resource/Bazaar_Township,_Chase_County,_Kansas","Bazaar Township, Chase County, Kansas",543182.1580696271
"http://dbpedia.org/resource/Charlotte,_Maine","Charlotte, Maine",7704595.454674518
"http://dbpedia.org/resource/Creola,_Alabama","Creola, Alabama",2038371.734404082
"http://dbpedia.org/resource/Between,_Georgia","Between, Georgia",0.0
"http://dbpedia.org/resource/Cape_Carteret,_North_Carolina","Cape Carteret, North Carolina",566180.6453987252
"http://dbpedia.org/resource/Antonito,_Colorado","Antonito, Colorado",0.0
"http://dbpedia.org/resource/Albert_City,_Iowa","Albert City, Iowa",0.0
"http://dbpedia.org/resource/Carter_Springs,_Nevada","Carter Springs, Nevada",0.0
"http://dbpedia.org/resource/Aurora,_Nebraska","Aurora, Nebraska",33797.00692003318
"http://dbpedia.org/resource/Arcadia,_South_Carolina","Arcadia, South Carolina",12686.77540405392
"http://dbpedia.org/resource/Cottondale,_Florida","Cottondale, Florida",503152.94613703643
"http://dbpedia.org/resource/Addison_Township,_Michigan","Addison Township, Michigan",2339937.099934714
"http://dbpedia.org/resource/Brownfield,_Maine","Brownfield, Maine",2285698.6106805652
"http://dbpedia.org/resource/Delaware,_Iowa","Delaware, Iowa",25605.077984717605
"http://dbpedia.org/resource/Arveson_Township,_Kittson_County,_Minnesota","Arveson Township, Kittson County, Minnesota",8514502.963646516
"http://dbpedia.org/resource/Chester,_Massachusetts","Chester, Massachusetts",955897.4777633381
"http://dbpedia.org/resource/Centralia,_Kansas","Centralia, Kansas",0.0
"http://dbpedia.org/resource/Burlington_Junction,_Missouri","Burlington Junction, Missouri",0.0
"http://dbpedia.org/resource/Charter_Oak,_California","Charter Oak, California",0.0
"http://dbpedia.org/resource/Crown_City,_Ohio","Crown City, Ohio",89924.94135233937
"http://dbpedia.org/resource/Compton,_California","Compton, California",244555.21368177177
"http://dbpedia.org/resource/Buena,_New_Jersey","Buena, New Jersey",3225.495526808901
"http://dbpedia.org/resource/Allens_Grove_Township,_Scott_County,_Iowa","Allens Grove Township, Scott County, Iowa",385447.341117818
"http://dbpedia.org/resource/Byron,_Minnesota","Byron, Minnesota",0.0
"http://dbpedia.org/resource/Air_Force_Academy,_Colorado","Air Force Academy, Colorado",0.0
"http://dbpedia.org/resource/Cloud_County,_Kansas","Cloud County, Kansas",6614070.282219236
"http://dbpedia.org/resource/Delavan,_Minnesota","Delavan, Minnesota",0.0
"http://dbpedia.org/resource/Pope_Township,_Fayette_County,_Illinois","Pope Township, Fayette County, Illinois",11939417.480359908
"http://dbpedia.org/resource/Denison_Township,_Crawford_County,_Iowa","Denison Township, Crawford County, Iowa",113171.6545507208
"http://dbpedia.org/resource/Lime_Creek_Township,_Cerro_Gordo_County,_Iowa","Lime Creek Township, Cerro Gordo County, Iowa",272585.35507956916
"http://dbpedia.org/resource/Maine_Township,_Grundy_County,_Illinois","Maine Township, Grundy County, Illinois",432400.97101800796
"http://dbpedia.org/resource/Robertsville,_New_Jersey","Robertsville, New Jersey",31092.077946673475
"http://dbpedia.org/resource/Amherst,_Massachusetts","Amherst, Massachusetts",112999.01039946891
"http://dbpedia.org/resource/Church_Rock,_New_Mexico","Church Rock, New Mexico",0.0
"http://dbpedia.org/resource/Audubon_Park,_New_Jersey","Audubon Park, New Jersey",27800.223668185623
"http://dbpedia.org/resource/Albany,_California","Albany, California",10200226.210772293
"http://dbpedia.org/resource/Utica_Township,_Clark_County,_Indiana","Utica Township, Clark County, Indiana",907004.1166562678
"http://dbpedia.org/resource/Adamsville,_Alabama","Adamsville, Alabama",30509.773228982052
"http://dbpedia.org/resource/Clear_Lake,_Minnesota","Clear Lake, Minnesota",119655.5269291388
"http://dbpedia.org/resource/Ball_Ground,_Georgia","Ball Ground, Georgia",77050.5580413798
"http://dbpedia.org/resource/Dawson,_Iowa","Dawson, Iowa",0.0
"http://dbpedia.org/resource/Algernon_Township,_Custer_County,_Nebraska","Algernon Township, Custer County, Nebraska",11265.326896245539
"http://dbpedia.org/resource/Carver,_Minnesota","Carver, Minnesota",505298.6812932219
"http://dbpedia.org/resource/Enterprise,_West_Virginia","Enterprise, West Virginia",0.0
"http://dbpedia.org/resource/Miller_Township,_Dearborn_County,_Indiana","Miller Township, Dearborn County, Indiana",599406.6919057508
"http://dbpedia.org/resource/Pleasant_Township,_Knox_County,_Ohio","Pleasant Township, Knox County, Ohio",0.0
"http://dbpedia.org/resource/Champlin,_Minnesota","Champlin, Minnesota",1564989.4254631202
"http://dbpedia.org/resource/Bloom_Township,_Nobles_County,_Minnesota","Bloom Township, Nobles County, Minnesota",218442.76994413295
"http://dbpedia.org/resource/Carlisle_Township,_Otter_Tail_County,_Minnesota","Carlisle Township, Otter Tail County, Minnesota",2078960.3889583868
"http://dbpedia.org/resource/Tilden_Township,_Cherokee_County,_Iowa","Tilden Township, Cherokee County, Iowa",0.0
"http://dbpedia.org/resource/Carson,_Iowa","Carson, Iowa",0.0
"http://dbpedia.org/resource/Carver,_Massachusetts","Carver, Massachusetts",6147023.159812656
"http://dbpedia.org/resource/Almyra,_Arkansas","Almyra, Arkansas",0.0
"http://dbpedia.org/resource/Clinton_Township,_St._Louis_County,_Minnesota","Clinton Township, St. Louis County, Minnesota",1785159.9320543217
"http://dbpedia.org/resource/Grimes,_California","Grimes, California",0.0
"http://dbpedia.org/resource/Pleasant_Township,_Grant_County,_Indiana","Pleasant Township, Grant County, Indiana",830857.4508564569
"http://dbpedia.org/resource/Clover_Township,_Hubbard_County,_Minnesota","Clover Township, Hubbard County, Minnesota",5275047.691304395
"http://dbpedia.org/resource/Broadview_Heights,_Ohio","Broadview Heights, Ohio",49477.75851486352
"http://dbpedia.org/resource/Chesapeake_Ranch_Estates-Drum_Point,_Maryland","Chesapeake Ranch Estates-Drum Point, Maryland",986439.8827467147
"http://dbpedia.org/resource/De_Kalb,_New_York","De Kalb, New York",1743371.1394403488
"http://dbpedia.org/resource/Chaplin,_Connecticut","Chaplin, Connecticut",226080.30649553708
"http://dbpedia.org/resource/Cortland,_Nebraska","Cortland, Nebraska",0.0
"http://dbpedia.org/resource/Colebrook,_New_Hampshire","Colebrook, New Hampshire",440738.59214178147
"http://dbpedia.org/resource/Cranberry_Township,_Butler_County,_Pennsylvania","Cranberry Township, Butler County, Pennsylvania",11576.49407742176
"http://dbpedia.org/resource/Annapolis,_Missouri","Annapolis, Missouri",24459.56135321665
"http://dbpedia.org/resource/Hancock's_Bridge,_New_Jersey","Hancock's Bridge, New Jersey",16532.56301071874
"http://dbpedia.org/resource/Canosia_Township,_St._Louis_County,_Minnesota","Canosia Township, St. Louis County, Minnesota",16570417.619872246
"http://dbpedia.org/resource/Bemidji_Township,_Beltrami_County,_Minnesota","Bemidji Township, Beltrami County, Minnesota",13192156.79450392
"http://dbpedia.org/resource/Columbia_Heights,_Minnesota","Columbia Heights, Minnesota",270387.40948347136
"http://dbpedia.org/resource/Bridgeport,_Connecticut","Bridgeport, Connecticut",7548230.819534753
"http://dbpedia.org/resource/Amory,_Mississippi","Amory, Mississippi",1262414.9655682547
"http://dbpedia.org/resource/Waterford,_Lexington","Waterford, Lexington",0.0
"http://dbpedia.org/resource/Calumet,_Minnesota","Calumet, Minnesota",32300.958746343265
"http://dbpedia.org/resource/Guilford_Township,_Hendricks_County,_Indiana","Guilford Township, Hendricks County, Indiana",343433.57113438734
"http://dbpedia.org/resource/Bodega_Bay,_California","Bodega Bay, California",9967974.808775319
"http://dbpedia.org/resource/Spirit_Lake_Township,_Dickinson_County,_Iowa","Spirit Lake Township, Dickinson County, Iowa",21846667.719095655
"http://dbpedia.org/resource/Rock_Creek_Park,_Colorado","Rock Creek Park, Colorado",0.0
"http://dbpedia.org/resource/Aitkin,_Minnesota","Aitkin, Minnesota",0.0
"http://dbpedia.org/resource/Canadian_Lakes,_Michigan","Canadian Lakes, Michigan",2790071.175534865
"http://dbpedia.org/resource/Lumberton,_New_Mexico","Lumberton, New Mexico",0.0
"http://dbpedia.org/resource/Agency_Township,_Buchanan_County,_Missouri","Agency Township, Buchanan County, Missouri",427468.1124627273
"http://dbpedia.org/resource/Arley,_Alabama","Arley, Alabama",0.0
"http://dbpedia.org/resource/Andover,_New_Hampshire","Andover, New Hampshire",2257790.8016937273
"http://dbpedia.org/resource/Day,_New_York","Day, New York",14723856.555917984
"http://dbpedia.org/resource/Clemmons,_North_Carolina","Clemmons, North Carolina",477609.63226725656
"http://dbpedia.org/resource/Beverly_Hills,_Michigan","Beverly Hills, Michigan",48203.46892836514
"http://dbpedia.org/resource/Compton,_California","Compton, California",281707.5123386512
"http://dbpedia.org/resource/Cherry_Hill,_New_Jersey","Cherry Hill, New Jersey",404023.33930569096
"http://dbpedia.org/resource/Blairsden,_California","Blairsden, California",0.0
"http://dbpedia.org/resource/Belgrade,_Montana","Belgrade, Montana",0.0
"http://dbpedia.org/resource/Buckner,_Kentucky","Buckner, Kentucky",531840.5935954006
"http://dbpedia.org/resource/Granville_Township,_Platte_County,_Nebraska","Granville Township, Platte County, Nebraska",0.0
"http://dbpedia.org/resource/Berne,_New_York","Berne, New York",1347461.9216002328
"http://dbpedia.org/resource/Turtle_Creek_Township,_Shelby_County,_Ohio","Turtle Creek Township, Shelby County, Ohio",0.0
"http://dbpedia.org/resource/Hudson_(CDP),_Massachusetts","Hudson (CDP), Massachusetts",441651.6896120486
"http://dbpedia.org/resource/Dell,_Arkansas","Dell, Arkansas",0.0
"http://dbpedia.org/resource/Bigelow_Township,_Nobles_County,_Minnesota","Bigelow Township, Nobles County, Minnesota",5303777.99335825
"http://dbpedia.org/resource/Jackson_Township,_Boone_County,_Iowa","Jackson Township, Boone County, Iowa",20404.335777946024
"http://dbpedia.org/resource/Bradley,_Maine","Bradley, Maine",2808530.5723678856
"http://dbpedia.org/resource/Cinque_Hommes_Township,_Perry_County,_Missouri","Cinque Hommes Township, Perry County, Missouri",874115.2523474415
"http://dbpedia.org/resource/Wilmot,_Wisconsin","Wilmot, Wisconsin",0.0
"http://dbpedia.org/resource/Conesus,_New_York","Conesus, New York",7328265.366138434
"http://dbpedia.org/resource/Blauvelt,_New_York","Blauvelt, New York",297493.5440077682
"http://dbpedia.org/resource/Cliff_Township,_Custer_County,_Nebraska","Cliff Township, Custer County, Nebraska",0.0
"http://dbpedia.org/resource/Stewartville,_Coosa_County,_Alabama","Stewartville, Coosa County, Alabama",385504.7790665796
"http://dbpedia.org/resource/Caratunk,_Maine","Caratunk, Maine",7835682.839966038
"http://dbpedia.org/resource/Charleston,_Mississippi","Charleston, Mississippi",0.0
"http://dbpedia.org/resource/Brewster,_Ohio","Brewster, Ohio",23511.10424196175
"http://dbpedia.org/resource/Ames,_New_York","Ames, New York",0.0
"http://dbpedia.org/resource/Colony,_Alabama","Colony, Alabama",20434.18932326962
"http://dbpedia.org/resource/Big_Lake,_Minnesota","Big Lake, Minnesota",2708217.575826017
"http://dbpedia.org/resource/Castle,_Oklahoma","Castle, Oklahoma",0.0
"http://dbpedia.org/resource/Brookston,_Minnesota","Brookston, Minnesota",0.0
"http://dbpedia.org/resource/Fredericksburg_Township,_Chickasaw_County,_Iowa","Fredericksburg Township, Chickasaw County, Iowa",0.0
"http://dbpedia.org/resource/Canton,_Mississippi","Canton, Mississippi",328710.06255317014
"http://dbpedia.org/resource/Mountain_Gate,_California","Mountain Gate, California",0.0
"http://dbpedia.org/resource/Belcourt,_North_Dakota","Belcourt, North Dakota",546859.0527791643
"http://dbpedia.org/resource/McIntosh,_New_Mexico","McIntosh, New Mexico",0.0
"http://dbpedia.org/resource/Betsy_Layne,_Kentucky","Betsy Layne, Kentucky",72250.49069736949
"http://dbpedia.org/resource/Campbell,_Ohio","Campbell, Ohio",71793.75014875925
"http://dbpedia.org/resource/Castorland,_New_York","Castorland, New York",0.0
"http://dbpedia.org/resource/Strong_Township,_Chase_County,_Kansas","Strong Township, Chase County, Kansas",371459.49482275004
"http://dbpedia.org/resource/Bay_Park,_New_York","Bay Park, New York",272217.51832827774
"http://dbpedia.org/resource/Jackson_Township,_Porter_County,_Indiana","Jackson Township, Porter County, Indiana",194949.4739747534
"http://dbpedia.org/resource/Mulberry,_Oklahoma","Mulberry, Oklahoma",0.0
"http://dbpedia.org/resource/Pawhuska_Township,_Camden_County,_Missouri","Pawhuska Township, Camden County, Missouri",26453645.615595784
"http://dbpedia.org/resource/Alba,_Pennsylvania","Alba, Pennsylvania",0.0
"http://dbpedia.org/resource/Alma,_Kansas","Alma, Kansas",30152.62172828868
"http://dbpedia.org/resource/Aberdeen,_South_Dakota","Aberdeen, South Dakota",260688.3869850954
"http://dbpedia.org/resource/Continental,_Ohio","Continental, Ohio",43137.68035936899
"http://dbpedia.org/resource/Shawnee_Township,_Bates_County,_Missouri","Shawnee Township, Bates County, Missouri",170044.63643141338
"http://dbpedia.org/resource/Blue_River_Township,_Hancock_County,_Indiana","Blue River Township, Hancock County, Indiana",212015.1480372324
"http://dbpedia.org/resource/Aredale,_Iowa","Aredale, Iowa",0.0
"http://dbpedia.org/resource/Big_Timber,_Montana","Big Timber, Montana",68916.15164143119
"http://dbpedia.org/resource/Avocado_Heights,_California","Avocado Heights, California",339037.43259582226
"http://dbpedia.org/resource/Ambrose,_Georgia","Ambrose, Georgia",285703.09098364564
"http://dbpedia.org/resource/Jackson_Township,_Newton_County,_Indiana","Jackson Township, Newton County, Indiana",73339.80373743447
http://dbpedia.org/resource/Pingtan_County,Pingtan County,6207045568.177085
"http://dbpedia.org/resource/Carter_Lake,_Iowa","Carter Lake, Iowa",374705.4120504408
"http://dbpedia.org/resource/Belwood,_North_Carolina","Belwood, North Carolina",22165.931042932996
"http://dbpedia.org/resource/Barstow,_California","Barstow, California",25286.07925559333
"http://dbpedia.org/resource/Campbell,_California","Campbell, California",201448.72691966477
"http://dbpedia.org/resource/Conehatta,_Mississippi","Conehatta, Mississippi",175224.7396233825
"http://dbpedia.org/resource/De_Peyster,_New_York","De Peyster, New York",4988003.129247422
"http://dbpedia.org/resource/Bear_Lake_Township,_Kalkaska_County,_Michigan","Bear Lake Township, Kalkaska County, Michigan",2205208.809130936
http://dbpedia.org/resource/Barshi,Barshi,530469.6597552474
"http://dbpedia.org/resource/Atlantic_Beach,_North_Carolina","Atlantic Beach, North Carolina",815853.3873016281
"http://dbpedia.org/resource/Burt_Township,_Alger_County,_Michigan","Burt Township, Alger County, Michigan",63970139.689404234
"http://dbpedia.org/resource/Lee's_Creek_Township,_Washington_County,_Arkansas","Lee's Creek Township, Washington County, Arkansas",0.0
"http://dbpedia.org/resource/Berlin,_Connecticut","Berlin, Connecticut",1699606.5273626072
http://dbpedia.org/resource/Monaragala_District,Monaragala District,128595147.06560032
"http://dbpedia.org/resource/Burnt_Ranch,_California","Burnt Ranch, California",2752.9619296465467
"http://dbpedia.org/resource/Carroll,_Ohio","Carroll, Ohio",0.0
"http://dbpedia.org/resource/Riverton_Township,_Floyd_County,_Iowa","Riverton Township, Floyd County, Iowa",370291.8416360455
"http://dbpedia.org/resource/Beloit,_Ohio","Beloit, Ohio",32105.411084956002
"http://dbpedia.org/resource/Newcastle,_California","Newcastle, California",11654.755744772341
"http://dbpedia.org/resource/Belleau_Woods,_Lexington","Belleau Woods, Lexington",0.0
"http://dbpedia.org/resource/Coloma,_Michigan","Coloma, Michigan",0.0
"http://dbpedia.org/resource/Brisbane,_California","Brisbane, California",49956824.61514558
"http://dbpedia.org/resource/Bingham_Township,_Hancock_County,_Iowa","Bingham Township, Hancock County, Iowa",197471.55462421163
"http://dbpedia.org/resource/Bolivar,_Missouri","Bolivar, Missouri",50652.017495565844
"http://dbpedia.org/resource/Buckman,_Minnesota","Buckman, Minnesota",0.0
"http://dbpedia.org/resource/Arnold,_California","Arnold, California",150769.19052060173
http://dbpedia.org/resource/Coacalco_de_Berrioz치bal,Coacalco de Berrioz치bal,3636414.697420519
"http://dbpedia.org/resource/Harwich,_Massachusetts","Harwich, Massachusetts",30844722.462798186
"http://dbpedia.org/resource/Washington_Township,_Adair_County,_Iowa","Washington Township, Adair County, Iowa",153146.19720875603
"http://dbpedia.org/resource/Amherst_Township,_Fillmore_County,_Minnesota","Amherst Township, Fillmore County, Minnesota",0.0
"http://dbpedia.org/resource/Callaway,_Florida","Callaway, Florida",1370497.2329261426
"http://dbpedia.org/resource/Cambridge,_Iowa","Cambridge, Iowa",0.0
"http://dbpedia.org/resource/Cherry_Grove,_Ohio","Cherry Grove, Ohio",0.0
"http://dbpedia.org/resource/Chocolay_Charter_Township,_Michigan","Chocolay Charter Township, Michigan",3216444.173213312
"http://dbpedia.org/resource/Washington_Township,_Black_Hawk_County,_Iowa","Washington Township, Black Hawk County, Iowa",907957.7639179361
"http://dbpedia.org/resource/Brule,_Nebraska","Brule, Nebraska",0.0
"http://dbpedia.org/resource/Boulder_City,_Nevada","Boulder City, Nevada",90406.72099012809
"http://dbpedia.org/resource/Lane,_Oklahoma","Lane, Oklahoma",85758.46051662283
"http://dbpedia.org/resource/Alfordsville,_Indiana","Alfordsville, Indiana",0.0
"http://dbpedia.org/resource/Brooktrails,_California","Brooktrails, California",106654.77640000396
"http://dbpedia.org/resource/Cedar_Township,_Nance_County,_Nebraska","Cedar Township, Nance County, Nebraska",408144.786417945
"http://dbpedia.org/resource/Chamblee,_Georgia","Chamblee, Georgia",0.0
"http://dbpedia.org/resource/Au_Sable_Township,_Iosco_County,_Michigan","Au Sable Township, Iosco County, Michigan",1334197.6525049685
"http://dbpedia.org/resource/Akeley,_Minnesota","Akeley, Minnesota",74705.95565062371
"http://dbpedia.org/resource/Buckfield,_Maine","Buckfield, Maine",625461.9277959847
"http://dbpedia.org/resource/Ferdinand_Township,_Dubois_County,_Indiana","Ferdinand Township, Dubois County, Indiana",758623.6891607994
"http://dbpedia.org/resource/Clallam_Bay,_Washington","Clallam Bay, Washington",0.0
"http://dbpedia.org/resource/Jefferson_Township,_Carroll_County,_Indiana","Jefferson Township, Carroll County, Indiana",2706116.813518622
"http://dbpedia.org/resource/Pine_Level,_Autauga_County,_Alabama","Pine Level, Autauga County, Alabama",120018.04340435442
"http://dbpedia.org/resource/Cannelburg,_Indiana","Cannelburg, Indiana",0.0
"http://dbpedia.org/resource/Dade_City_North,_Florida","Dade City North, Florida",0.0
"http://dbpedia.org/resource/Addison_Township,_Gallia_County,_Ohio","Addison Township, Gallia County, Ohio",541321.441690462
"http://dbpedia.org/resource/Center,_Colorado","Center, Colorado",0.0
"http://dbpedia.org/resource/Baxley,_Georgia","Baxley, Georgia",0.0
"http://dbpedia.org/resource/Worth_Township,_Woodford_County,_Illinois","Worth Township, Woodford County, Illinois",131147.77931294078
"http://dbpedia.org/resource/Chesterton,_Indiana","Chesterton, Indiana",320317.6863504896
"http://dbpedia.org/resource/Oldtown,_Maryland","Oldtown, Maryland",0.0
"http://dbpedia.org/resource/College_Station,_Arkansas","College Station, Arkansas",0.0
"http://dbpedia.org/resource/Belle_Plaine,_Iowa","Belle Plaine, Iowa",30425.518583473942
"http://dbpedia.org/resource/Butler_Township,_Otter_Tail_County,_Minnesota","Butler Township, Otter Tail County, Minnesota",2202121.9794754973
"http://dbpedia.org/resource/McMillan_Township,_Luce_County,_Michigan","McMillan Township, Luce County, Michigan",32674902.401941232
"http://dbpedia.org/resource/Coburn,_Pennsylvania","Coburn, Pennsylvania",0.0
"http://dbpedia.org/resource/Cordova,_Alaska","Cordova, Alaska",33463134.831885032
"http://dbpedia.org/resource/Edgar_Township,_Edgar_County,_Illinois","Edgar Township, Edgar County, Illinois",0.0
"http://dbpedia.org/resource/Accord,_New_York","Accord, New York",254816.83623811908
"http://dbpedia.org/resource/Caldwell,_Ohio","Caldwell, Ohio",25741.612709955323
"http://dbpedia.org/resource/Clemons,_Iowa","Clemons, Iowa",0.0
"http://dbpedia.org/resource/Carmichael,_California","Carmichael, California",733918.7072967811
"http://dbpedia.org/resource/Champion_Township,_Wilkin_County,_Minnesota","Champion Township, Wilkin County, Minnesota",0.0
"http://dbpedia.org/resource/Covedale,_Ohio","Covedale, Ohio",0.0
"http://dbpedia.org/resource/Airport_Drive,_Missouri","Airport Drive, Missouri",0.0
"http://dbpedia.org/resource/Charlotte_Hall,_Maryland","Charlotte Hall, Maryland",0.0
"http://dbpedia.org/resource/Colfax_Township,_Atchison_County,_Missouri","Colfax Township, Atchison County, Missouri",46915.7971264837
"http://dbpedia.org/resource/Butler,_New_York","Butler, New York",174202.85741504093
"http://dbpedia.org/resource/Archbold,_Ohio","Archbold, Ohio",337592.1564294528
"http://dbpedia.org/resource/Clarkesville,_Georgia","Clarkesville, Georgia",0.0
"http://dbpedia.org/resource/Put-in-Bay_Township,_Ottawa_County,_Ohio","Put-in-Bay Township, Ottawa County, Ohio",419670031.78791285
"http://dbpedia.org/resource/Independence_Township,_Washington_County,_Ohio","Independence Township, Washington County, Ohio",0.0
"http://dbpedia.org/resource/Bird_Island_Township,_Renville_County,_Minnesota","Bird Island Township, Renville County, Minnesota",0.0
"http://dbpedia.org/resource/Darbydale,_Ohio","Darbydale, Ohio",0.0
"http://dbpedia.org/resource/Candia,_New_Hampshire","Candia, New Hampshire",680428.9507696666
"http://dbpedia.org/resource/Alexander,_North_Dakota","Alexander, North Dakota",30287.407304914686
"http://dbpedia.org/resource/Buena_Vista,_Colorado","Buena Vista, Colorado",0.0
"http://dbpedia.org/resource/Brundidge,_Alabama","Brundidge, Alabama",0.0
"http://dbpedia.org/resource/Ansonville,_North_Carolina","Ansonville, North Carolina",0.0
"http://dbpedia.org/resource/Darbyville,_Ohio","Darbyville, Ohio",55431.19272027568
"http://dbpedia.org/resource/Bronson_Township,_Michigan","Bronson Township, Michigan",340025.52972275415
"http://dbpedia.org/resource/Lebec,_California","Lebec, California",0.0
"http://dbpedia.org/resource/Dutch_Flat,_California","Dutch Flat, California",0.0
"http://dbpedia.org/resource/Otterville_Township,_Cooper_County,_Missouri","Otterville Township, Cooper County, Missouri",28020.871881127456
"http://dbpedia.org/resource/Garden_Plain_Township,_Sedgwick_County,_Kansas","Garden Plain Township, Sedgwick County, Kansas",130538.07219749888
"http://dbpedia.org/resource/Cooper,_Maine","Cooper, Maine",4389144.981572685
"http://dbpedia.org/resource/Beatty_Township,_St._Louis_County,_Minnesota","Beatty Township, St. Louis County, Minnesota",36602516.31197057
"http://dbpedia.org/resource/Bristow,_Iowa","Bristow, Iowa",0.0
"http://dbpedia.org/resource/Alpine_Township,_Michigan","Alpine Township, Michigan",390087.75895429746
"http://dbpedia.org/resource/Union_Center_Township,_Elk_County,_Kansas","Union Center Township, Elk County, Kansas",1565718.1433471749
"http://dbpedia.org/resource/Bertrand_Township,_Michigan","Bertrand Township, Michigan",1404292.127493773
"http://dbpedia.org/resource/Bridger,_Montana","Bridger, Montana",0.0
"http://dbpedia.org/resource/Blakeslee,_Ohio","Blakeslee, Ohio",0.0
http://dbpedia.org/resource/Puerto_Serrano,Puerto Serrano,0.0
"http://dbpedia.org/resource/Crescent_Beach,_St._Johns_County,_Florida","Crescent Beach, St. Johns County, Florida",0.0
"http://dbpedia.org/resource/Cooper_Landing,_Alaska","Cooper Landing, Alaska",11013969.107356472
"http://dbpedia.org/resource/Avilla,_Missouri","Avilla, Missouri",0.0
"http://dbpedia.org/resource/Canton,_Massachusetts","Canton, Massachusetts",1785813.1267193493
"http://dbpedia.org/resource/Cane_Creek_Township,_Butler_County,_Missouri","Cane Creek Township, Butler County, Missouri",76842.13348129441
"http://dbpedia.org/resource/Linn_Township,_Cedar_County,_Iowa","Linn Township, Cedar County, Iowa",66794.26000735507
"http://dbpedia.org/resource/Bath,_North_Carolina","Bath, North Carolina",1410831.9482470686
"http://dbpedia.org/resource/Bauxite,_Arkansas","Bauxite, Arkansas",224291.7974416546
"http://dbpedia.org/resource/Breckenridge,_Michigan","Breckenridge, Michigan",0.0
"http://dbpedia.org/resource/California_Pines,_California","California Pines, California",357219.7649561184
"http://dbpedia.org/resource/Beauregard,_Mississippi","Beauregard, Mississippi",21926.97801200889
"http://dbpedia.org/resource/Beulah,_North_Dakota","Beulah, North Dakota",48507.30165298494
"http://dbpedia.org/resource/Acequia,_Idaho","Acequia, Idaho",33015.29172970228
"http://dbpedia.org/resource/Chrisney,_Indiana","Chrisney, Indiana",82101.95564319831
"http://dbpedia.org/resource/Burrell_Township,_Decatur_County,_Iowa","Burrell Township, Decatur County, Iowa",264550.4816493108
"http://dbpedia.org/resource/Jackson_Township,_Camden_County,_Missouri","Jackson Township, Camden County, Missouri",3078002.3753451244
"http://dbpedia.org/resource/Clarkson,_Kentucky","Clarkson, Kentucky",0.0
"http://dbpedia.org/resource/Carpenter,_Iowa","Carpenter, Iowa",0.0
"http://dbpedia.org/resource/Caribou,_Maine","Caribou, Maine",2212933.4911692194
"http://dbpedia.org/resource/Burnsville,_Mississippi","Burnsville, Mississippi",0.0
"http://dbpedia.org/resource/Sumner_No._2_Township,_Bremer_County,_Iowa","Sumner No. 2 Township, Bremer County, Iowa",31997.911549376466
"http://dbpedia.org/resource/Barnhill,_Ohio","Barnhill, Ohio",0.0
"http://dbpedia.org/resource/Branch_Township,_Michigan","Branch Township, Michigan",1185854.5328111704
"http://dbpedia.org/resource/Crawford_County,_Kansas","Crawford County, Kansas",14531313.413513005
"http://dbpedia.org/resource/Minkler,_California","Minkler, California",0.0
"http://dbpedia.org/resource/Lakin_Township,_Harvey_County,_Kansas","Lakin Township, Harvey County, Kansas",45898.16908896885
"http://dbpedia.org/resource/Birdseye,_Indiana","Birdseye, Indiana",0.0
"http://dbpedia.org/resource/Johns_Creek,_Georgia","Johns Creek, Georgia",1204942.250612264
"http://dbpedia.org/resource/Inland,_Nebraska","Inland, Nebraska",0.0
"http://dbpedia.org/resource/Belfry,_Montana","Belfry, Montana",141308.67563252704
"http://dbpedia.org/resource/Camargo,_Oklahoma","Camargo, Oklahoma",0.0
"http://dbpedia.org/resource/Chesterville,_Maine","Chesterville, Maine",3780303.906410035
"http://dbpedia.org/resource/Helt_Township,_Vermillion_County,_Indiana","Helt Township, Vermillion County, Indiana",1520628.7304331763
http://dbpedia.org/resource/San_Diego,San Diego,134408159.78494173
"http://dbpedia.org/resource/Choctaw_Lake,_Ohio","Choctaw Lake, Ohio",897909.4537347206
"http://dbpedia.org/resource/Carroll,_Nebraska","Carroll, Nebraska",0.0
"http://dbpedia.org/resource/Bucks_Lake,_California","Bucks Lake, California",22007.52321045538
"http://dbpedia.org/resource/Athens,_Maine","Athens, Maine",28634.81366808209
"http://dbpedia.org/resource/Clark_Township,_Michigan","Clark Township, Michigan",52475843.16291626
"http://dbpedia.org/resource/Byesville,_Ohio","Byesville, Ohio",0.0
"http://dbpedia.org/resource/Blue_Hill_Township,_Sherburne_County,_Minnesota","Blue Hill Township, Sherburne County, Minnesota",1803476.451108877
"http://dbpedia.org/resource/Ca침ada_de_los_Alamos,_New_Mexico","Ca침ada de los Alamos, New Mexico",0.0
"http://dbpedia.org/resource/Genoa_Township,_DeKalb_County,_Illinois","Genoa Township, DeKalb County, Illinois",206749.53354692706
"http://dbpedia.org/resource/Rossmore,_West_Virginia","Rossmore, West Virginia",16526.389062276252
"http://dbpedia.org/resource/North_Fork_Township,_Delaware_County,_Iowa","North Fork Township, Delaware County, Iowa",144434.17354201365
"http://dbpedia.org/resource/Dripping_Springs,_Texas","Dripping Springs, Texas",0.0
"http://dbpedia.org/resource/Rote,_Pennsylvania","Rote, Pennsylvania",0.0
"http://dbpedia.org/resource/Verona,_North_Carolina","Verona, North Carolina",0.0
"http://dbpedia.org/resource/Roswell,_New_Mexico","Roswell, New Mexico",107958.88811108065
http://dbpedia.org/resource/Anna_Paulowna,Anna Paulowna,4070400.5310711693
"http://dbpedia.org/resource/East_Adams,_North_Dakota","East Adams, North Dakota",342435.4884266894
"http://dbpedia.org/resource/Big_Springs,_Nebraska","Big Springs, Nebraska",0.0
"http://dbpedia.org/resource/Sale_Creek,_Tennessee","Sale Creek, Tennessee",5850129.275250493
"http://dbpedia.org/resource/Brogden,_North_Carolina","Brogden, North Carolina",95844.00037003079
"http://dbpedia.org/resource/Center_Harbor,_New_Hampshire","Center Harbor, New Hampshire",9301204.789121602
"http://dbpedia.org/resource/Coventry,_New_York","Coventry, New York",453976.02967784373
"http://dbpedia.org/resource/Benton_Ridge,_Ohio","Benton Ridge, Ohio",0.0
"http://dbpedia.org/resource/Jeffersonville_Township,_Clark_County,_Indiana","Jeffersonville Township, Clark County, Indiana",818582.8217760564
"http://dbpedia.org/resource/Chidester,_Arkansas","Chidester, Arkansas",0.0
"http://dbpedia.org/resource/Cambridge_City,_Indiana","Cambridge City, Indiana",27755.04331195454
"http://dbpedia.org/resource/Baxter,_Iowa","Baxter, Iowa",0.0
"http://dbpedia.org/resource/Ashford,_New_York","Ashford, New York",375739.4638011975
"http://dbpedia.org/resource/Sugar_Ridge_Township,_Clay_County,_Indiana","Sugar Ridge Township, Clay County, Indiana",1147897.041791992
"http://dbpedia.org/resource/Arbyrd,_Missouri","Arbyrd, Missouri",0.0
"http://dbpedia.org/resource/Clinton,_Ohio","Clinton, Ohio",255735.93252137426
"http://dbpedia.org/resource/Baton_Rouge,_Louisiana","Baton Rouge, Louisiana",4837703.011942964
"http://dbpedia.org/resource/Albany_County,_New_York","Albany County, New York",24396568.930053443
"http://dbpedia.org/resource/Oklahoma,_Clearfield_County,_Pennsylvania","Oklahoma, Clearfield County, Pennsylvania",0.0
"http://dbpedia.org/resource/Beech_Mountain_Lakes,_Pennsylvania","Beech Mountain Lakes, Pennsylvania",628965.8413093948
"http://dbpedia.org/resource/Caneyville_Township,_Chautauqua_County,_Kansas","Caneyville Township, Chautauqua County, Kansas",622572.1614766668
"http://dbpedia.org/resource/Chambers_Estates,_Dania_Beach,_Florida","Chambers Estates, Dania Beach, Florida",0.0
"http://dbpedia.org/resource/Ellington_Township,_Hancock_County,_Iowa","Ellington Township, Hancock County, Iowa",143578.03048924188
"http://dbpedia.org/resource/Byron,_Oklahoma","Byron, Oklahoma",0.0
"http://dbpedia.org/resource/Saling_Township,_Audrain_County,_Missouri","Saling Township, Audrain County, Missouri",558616.3945625786
"http://dbpedia.org/resource/Amor_Township,_Otter_Tail_County,_Minnesota","Amor Township, Otter Tail County, Minnesota",30037868.447156906
"http://dbpedia.org/resource/DeBary,_Florida","DeBary, Florida",8053185.636187178
"http://dbpedia.org/resource/Alamo_Heights,_Texas","Alamo Heights, Texas",0.0
"http://dbpedia.org/resource/Linton_Township,_Allamakee_County,_Iowa","Linton Township, Allamakee County, Iowa",0.0
"http://dbpedia.org/resource/Clinton,_Oneida_County,_New_York","Clinton, Oneida County, New York",0.0
"http://dbpedia.org/resource/Perry_Township,_Buchanan_County,_Iowa","Perry Township, Buchanan County, Iowa",89179.74889613417
"http://dbpedia.org/resource/Crystal_Springs,_Mississippi","Crystal Springs, Mississippi",97692.28095038021
"http://dbpedia.org/resource/Brunswick,_Ohio","Brunswick, Ohio",107635.94599748249
"http://dbpedia.org/resource/Arrow_Rock,_Missouri","Arrow Rock, Missouri",0.0
"http://dbpedia.org/resource/Corvallis,_Oregon","Corvallis, Oregon",477744.1100817526
"http://dbpedia.org/resource/Benson,_New_York","Benson, New York",1229408.2379205565
"http://dbpedia.org/resource/Braddock_Heights,_Maryland","Braddock Heights, Maryland",32269.930058714832
"http://dbpedia.org/resource/Camden,_Michigan","Camden, Michigan",0.0
"http://dbpedia.org/resource/Knox_Township,_Holmes_County,_Ohio","Knox Township, Holmes County, Ohio",0.0
"http://dbpedia.org/resource/Dick_Johnson_Township,_Clay_County,_Indiana","Dick Johnson Township, Clay County, Indiana",232214.47296142497
"http://dbpedia.org/resource/Washington_Township,_Dearborn_County,_Indiana","Washington Township, Dearborn County, Indiana",189499.27596828254
"http://dbpedia.org/resource/Clementon,_New_Jersey","Clementon, New Jersey",148321.31715979028
"http://dbpedia.org/resource/Budd_Lake,_New_Jersey","Budd Lake, New Jersey",2792925.5428622337
"http://dbpedia.org/resource/Falling_Water,_Tennessee","Falling Water, Tennessee",0.0
"http://dbpedia.org/resource/College_City,_Arkansas","College City, Arkansas",0.0
"http://dbpedia.org/resource/Batavia,_Iowa","Batavia, Iowa",0.0
"http://dbpedia.org/resource/Bayonne,_New_Jersey","Bayonne, New Jersey",12418620.15961789
"http://dbpedia.org/resource/Cottage_Grove,_Minnesota","Cottage Grove, Minnesota",11063531.08872508
"http://dbpedia.org/resource/Dayton,_Kentucky","Dayton, Kentucky",1905664.6113372906
"http://dbpedia.org/resource/Mulino,_Oregon","Mulino, Oregon",98986.60720695619
"http://dbpedia.org/resource/Carter_Lake,_Iowa","Carter Lake, Iowa",443916.0307072002
"http://dbpedia.org/resource/Chestnut_Ridge,_New_York","Chestnut Ridge, New York",0.0
"http://dbpedia.org/resource/Conner,_Montana","Conner, Montana",96105.74896989895
"http://dbpedia.org/resource/Amboy,_Minnesota","Amboy, Minnesota",0.0
"http://dbpedia.org/resource/Jefferson_Township,_Andrew_County,_Missouri","Jefferson Township, Andrew County, Missouri",733242.2556781084
"http://dbpedia.org/resource/Keyser_Township,_DeKalb_County,_Indiana","Keyser Township, DeKalb County, Indiana",132144.03983006606
"http://dbpedia.org/resource/Allouez_Township,_Michigan","Allouez Township, Michigan",0.0
"http://dbpedia.org/resource/Blowers_Township,_Otter_Tail_County,_Minnesota","Blowers Township, Otter Tail County, Minnesota",0.0
"http://dbpedia.org/resource/Chignik_Lake,_Alaska","Chignik Lake, Alaska",24474679.157880183
"http://dbpedia.org/resource/Convoy,_Ohio","Convoy, Ohio",0.0
"http://dbpedia.org/resource/Castalia,_Ohio","Castalia, Ohio",18000.98741224834
"http://dbpedia.org/resource/Covenant_Life,_Alaska","Covenant Life, Alaska",585566.8280709872
"http://dbpedia.org/resource/Ault_Township,_St._Louis_County,_Minnesota","Ault Township, St. Louis County, Minnesota",4135621.935767905
"http://dbpedia.org/resource/Sunshine,_Colorado","Sunshine, Colorado",0.0
"http://dbpedia.org/resource/Cordova,_Alabama","Cordova, Alabama",291333.3992332667
"http://dbpedia.org/resource/Daggett_Brook_Township,_Crow_Wing_County,_Minnesota","Daggett Brook Township, Crow Wing County, Minnesota",178941.71308538082
"http://dbpedia.org/resource/Dale,_Pennsylvania","Dale, Pennsylvania",0.0
"http://dbpedia.org/resource/Colonia,_New_Jersey","Colonia, New Jersey",9382.190606169117
"http://dbpedia.org/resource/Allen_Township,_Michigan","Allen Township, Michigan",507873.1686953732
"http://dbpedia.org/resource/Rougemont,_North_Carolina","Rougemont, North Carolina",174246.7389124566
"http://dbpedia.org/resource/Bird_City,_Kansas","Bird City, Kansas",0.0
"http://dbpedia.org/resource/Ward_Township,_Randolph_County,_Indiana","Ward Township, Randolph County, Indiana",352952.47080575227
"http://dbpedia.org/resource/Mission_Township,_Brown_County,_Kansas","Mission Township, Brown County, Kansas",1568568.3805131824
"http://dbpedia.org/resource/Bruno_Township,_Butler_County,_Kansas","Bruno Township, Butler County, Kansas",89743.98739095776
"http://dbpedia.org/resource/Hissop,_Alabama","Hissop, Alabama",22271.649097567995
"http://dbpedia.org/resource/Auburn,_Maine","Auburn, Maine",18598612.755837083
"http://dbpedia.org/resource/Gillis_Bluff_Township,_Butler_County,_Missouri","Gillis Bluff Township, Butler County, Missouri",407964.64525818604
"http://dbpedia.org/resource/Bunker_Hill,_Oregon","Bunker Hill, Oregon",191873.2099781344
"http://dbpedia.org/resource/Cassoday,_Kansas","Cassoday, Kansas",0.0
"http://dbpedia.org/resource/High_Point_Township,_Decatur_County,_Iowa","High Point Township, Decatur County, Iowa",45226.417219924224
"http://dbpedia.org/resource/Byron,_New_York","Byron, New York",276595.95595968544
"http://dbpedia.org/resource/Citrus_Hills,_Florida","Citrus Hills, Florida",10013.656715522497
"http://dbpedia.org/resource/Grand_Meadow_Township,_Cherokee_County,_Iowa","Grand Meadow Township, Cherokee County, Iowa",69312.89313337159
"http://dbpedia.org/resource/Twelve_Mile_Lake_Township,_Emmet_County,_Iowa","Twelve Mile Lake Township, Emmet County, Iowa",928540.10256257
"http://dbpedia.org/resource/Arion,_Iowa","Arion, Iowa",0.0
"http://dbpedia.org/resource/Fox_Township,_Black_Hawk_County,_Iowa","Fox Township, Black Hawk County, Iowa",0.0
"http://dbpedia.org/resource/Ashford,_Connecticut","Ashford, Connecticut",2029383.3767630043
"http://dbpedia.org/resource/Bennett,_Colorado","Bennett, Colorado",0.0
"http://dbpedia.org/resource/Hope_(CDP),_New_Jersey","Hope (CDP), New Jersey",1948.5400153444439
"http://dbpedia.org/resource/Beecher_Falls,_Vermont","Beecher Falls, Vermont",137948.48222904417
"http://dbpedia.org/resource/Wilmington_Township,_DeKalb_County,_Indiana","Wilmington Township, DeKalb County, Indiana",22205.677376203417
http://dbpedia.org/resource/Cleveland,Cleveland,12707289.349537179
"http://dbpedia.org/resource/Blockton,_Iowa","Blockton, Iowa",0.0
"http://dbpedia.org/resource/Jackson_Township,_Fayette_County,_Indiana","Jackson Township, Fayette County, Indiana",0.0
"http://dbpedia.org/resource/Eugene,_Oregon","Eugene, Oregon",49866.949657167934
"http://dbpedia.org/resource/Algonquin,_Illinois","Algonquin, Illinois",433024.9250546689
"http://dbpedia.org/resource/Crescent_Township,_Allegheny_County,_Pennsylvania","Crescent Township, Allegheny County, Pennsylvania",550477.9937553729
"http://dbpedia.org/resource/Black_Point-Green_Point,_California","Black Point-Green Point, California",33495.51382659965
"http://dbpedia.org/resource/Barnegat_Township,_New_Jersey","Barnegat Township, New Jersey",17082999.406545594
"http://dbpedia.org/resource/Colorado_City,_Colorado","Colorado City, Colorado",192128.37626533216
"http://dbpedia.org/resource/Aldrich,_Missouri","Aldrich, Missouri",0.0
"http://dbpedia.org/resource/Almond_Township,_Big_Stone_County,_Minnesota","Almond Township, Big Stone County, Minnesota",4129088.678819237
"http://dbpedia.org/resource/Bessemer_Township,_Michigan","Bessemer Township, Michigan",4698078.517564216
"http://dbpedia.org/resource/Bayard,_New_Mexico","Bayard, New Mexico",0.0
"http://dbpedia.org/resource/Harleigh,_Pennsylvania","Harleigh, Pennsylvania",0.0
"http://dbpedia.org/resource/Anselmo,_Nebraska","Anselmo, Nebraska",0.0
"http://dbpedia.org/resource/Beatrice,_Nebraska","Beatrice, Nebraska",254372.01923972717
"http://dbpedia.org/resource/Andrew,_Iowa","Andrew, Iowa",0.0
"http://dbpedia.org/resource/Clinton,_North_Carolina","Clinton, North Carolina",100096.97788776584
"http://dbpedia.org/resource/Bedford_Heights,_Ohio","Bedford Heights, Ohio",26647.09170724447
"http://dbpedia.org/resource/Allerton,_Iowa","Allerton, Iowa",0.0
http://dbpedia.org/resource/Kansas,Kansas,1172472679.5426114
"http://dbpedia.org/resource/Alloway_(CDP),_New_Jersey","Alloway (CDP), New Jersey",716745.073290019
"http://dbpedia.org/resource/Jerome_Township,_Union_County,_Ohio","Jerome Township, Union County, Ohio",0.0
"http://dbpedia.org/resource/Alexandria_Township,_New_Jersey","Alexandria Township, New Jersey",570552.9054612286
"http://dbpedia.org/resource/Soldier_Township,_Jackson_County,_Kansas","Soldier Township, Jackson County, Kansas",202254.79468601357
"http://dbpedia.org/resource/Pawnee_Rock_Township,_Barton_County,_Kansas","Pawnee Rock Township, Barton County, Kansas",57346.829215775215
"http://dbpedia.org/resource/Jefferson_Township,_Allen_County,_Indiana","Jefferson Township, Allen County, Indiana",28024.207201061916
"http://dbpedia.org/resource/Akron_Township,_Wilkin_County,_Minnesota","Akron Township, Wilkin County, Minnesota",0.0
"http://dbpedia.org/resource/Headley_Green,_Lexington","Headley Green, Lexington",0.0
"http://dbpedia.org/resource/Crown_Point,_New_York","Crown Point, New York",13232622.537127603
"http://dbpedia.org/resource/Biddeford,_Maine","Biddeford, Maine",65134588.90252881
"http://dbpedia.org/resource/Russell_Township,_Geauga_County,_Ohio","Russell Township, Geauga County, Ohio",275097.74725324876
"http://dbpedia.org/resource/Shell_Rock_Township,_Greenwood_County,_Kansas","Shell Rock Township, Greenwood County, Kansas",1193745.684516182
"http://dbpedia.org/resource/Danville,_Arkansas","Danville, Arkansas",219622.94370829465
"http://dbpedia.org/resource/Auberry,_California","Auberry, California",154776.87382433817
"http://dbpedia.org/resource/Cranberry_Isles,_Maine","Cranberry Isles, Maine",122877053.47169226
"http://dbpedia.org/resource/Bakersville,_North_Carolina","Bakersville, North Carolina",0.0
"http://dbpedia.org/resource/Barry_Township,_Pine_County,_Minnesota","Barry Township, Pine County, Minnesota",646774.3073687464
"http://dbpedia.org/resource/Cascade-Chipita_Park,_Colorado","Cascade-Chipita Park, Colorado",0.0
"http://dbpedia.org/resource/Blairstown,_Iowa","Blairstown, Iowa",0.0
"http://dbpedia.org/resource/Rockcreek_Township,_Wells_County,_Indiana","Rockcreek Township, Wells County, Indiana",755552.1032642295
"http://dbpedia.org/resource/Turkey_Creek_Township,_Barber_County,_Kansas","Turkey Creek Township, Barber County, Kansas",133564.8445025562
"http://dbpedia.org/resource/Round_Hill_Village,_Nevada","Round Hill Village, Nevada",271859.2160900974
"http://dbpedia.org/resource/Cherokee_Village,_Arkansas","Cherokee Village, Arkansas",2517577.5432933588
"http://dbpedia.org/resource/Gulfcrest,_Alabama","Gulfcrest, Alabama",7832.732479414013
"http://dbpedia.org/resource/Arnegard,_North_Dakota","Arnegard, North Dakota",0.0
"http://dbpedia.org/resource/Caledonia,_Minnesota","Caledonia, Minnesota",0.0
"http://dbpedia.org/resource/Branford,_Connecticut","Branford, Connecticut",15476245.460525317
"http://dbpedia.org/resource/Bridgeton_Township,_Michigan","Bridgeton Township, Michigan",1230949.7061197686
"http://dbpedia.org/resource/Allamuchy-Panther_Valley,_New_Jersey","Allamuchy-Panther Valley, New Jersey",289361.32126514625
"http://dbpedia.org/resource/Antoine,_Arkansas","Antoine, Arkansas",0.0
"http://dbpedia.org/resource/Atlantic,_Iowa","Atlantic, Iowa",75626.61746149835
"http://dbpedia.org/resource/Bellingham,_Minnesota","Bellingham, Minnesota",0.0
"http://dbpedia.org/resource/Slab_City,_Wisconsin","Slab City, Wisconsin",546500.050845514
"http://dbpedia.org/resource/Mullally_Township,_Harlan_County,_Nebraska","Mullally Township, Harlan County, Nebraska",0.0
"http://dbpedia.org/resource/Bonner-West_Riverside,_Montana","Bonner-West Riverside, Montana",261382.94353505908
"http://dbpedia.org/resource/Manele,_Hawaii","Manele, Hawaii",0.0
http://dbpedia.org/resource/Kentucky,Kentucky,1523484979.0916421
"http://dbpedia.org/resource/Drowning_Creek,_Oklahoma","Drowning Creek, Oklahoma",0.0
"http://dbpedia.org/resource/Jackson_Township,_Elkhart_County,_Indiana","Jackson Township, Elkhart County, Indiana",136389.96725987605
"http://dbpedia.org/resource/Falls_Township,_Chase_County,_Kansas","Falls Township, Chase County, Kansas",627469.1312812992
"http://dbpedia.org/resource/Belle_Plaine,_Minnesota","Belle Plaine, Minnesota",486922.8642322961
"http://dbpedia.org/resource/Hollis_Crossroads,_Alabama","Hollis Crossroads, Alabama",5250.021444772938
"http://dbpedia.org/resource/Benton,_New_Hampshire","Benton, New Hampshire",585334.1992711923
"http://dbpedia.org/resource/Champ,_Missouri","Champ, Missouri",0.0
"http://dbpedia.org/resource/Archie,_Missouri","Archie, Missouri",116518.50248439435
"http://dbpedia.org/resource/Colts_Neck_Township,_New_Jersey","Colts Neck Township, New Jersey",2766686.3527058335
"http://dbpedia.org/resource/Blandford,_Massachusetts","Blandford, Massachusetts",4357753.985098212
"http://dbpedia.org/resource/Bay_Springs,_Mississippi","Bay Springs, Mississippi",0.0
"http://dbpedia.org/resource/Bonne_Terre,_Missouri","Bonne Terre, Missouri",142292.40165995367
"http://dbpedia.org/resource/Annsville,_New_York","Annsville, New York",668370.8754499815
"http://dbpedia.org/resource/Massena_Township,_Cass_County,_Iowa","Massena Township, Cass County, Iowa",162133.8281105119
"http://dbpedia.org/resource/Fobes_Hill,_Washington","Fobes Hill, Washington",0.0
"http://dbpedia.org/resource/Sims_Township,_Grant_County,_Indiana","Sims Township, Grant County, Indiana",0.0
"http://dbpedia.org/resource/Alton_Township,_Waseca_County,_Minnesota","Alton Township, Waseca County, Minnesota",3126711.4950057366
"http://dbpedia.org/resource/Banning,_California","Banning, California",0.0
"http://dbpedia.org/resource/Decatur,_New_York","Decatur, New York",572656.42776114
"http://dbpedia.org/resource/Cooperstown_Township,_Brown_County,_Illinois","Cooperstown Township, Brown County, Illinois",1758775.875514848
"http://dbpedia.org/resource/Rouse,_California","Rouse, California",0.0
"http://dbpedia.org/resource/Collings_Lakes,_New_Jersey","Collings Lakes, New Jersey",167161.29864375992
"http://dbpedia.org/resource/Peters_Township,_Kingman_County,_Kansas","Peters Township, Kingman County, Kansas",23393.245976914997
"http://dbpedia.org/resource/Cheval,_Florida","Cheval, Florida",555392.7559387352
"http://dbpedia.org/resource/Benton,_Kansas","Benton, Kansas",0.0
"http://dbpedia.org/resource/Andrea_Township,_Wilkin_County,_Minnesota","Andrea Township, Wilkin County, Minnesota",0.0
"http://dbpedia.org/resource/Blackburn,_Oklahoma","Blackburn, Oklahoma",0.0
"http://dbpedia.org/resource/Athens,_Pennsylvania","Athens, Pennsylvania",66810.92766480222
"http://dbpedia.org/resource/Auburn_Hills,_Michigan","Auburn Hills, Michigan",95014.12109203856
"http://dbpedia.org/resource/Chardon,_Ohio","Chardon, Ohio",86403.56655664872
"http://dbpedia.org/resource/Belgrade,_Nebraska","Belgrade, Nebraska",0.0
"http://dbpedia.org/resource/Cambridge,_Minnesota","Cambridge, Minnesota",591092.9711585059
"http://dbpedia.org/resource/Center_City,_Minnesota","Center City, Minnesota",48113.49250467124
"http://dbpedia.org/resource/Concord,_New_Hampshire","Concord, New Hampshire",9328284.340321124
